"","X","UN.member.or.observer.state","Overall.name.of.legislature","Name.of.house.s.","House.level","Term..years.","Voting.system","Seats","Population.per.seat","GDP.per.seat..million.USD.","level","pps1","pps","country","total_population"
"1",1,"Afghanistan","National Assembly[2]","House of the People (<U+0648><U+0644><U+0633><U+064A> <U+062C><U+0631><U+06AB><U+0647> Wolesi Jirga)","Lower","5","Single non-transferable vote[3]",249,"122,168",119,"Lower","122,168",122168,"Afghanistan",30419832
"2",2,"Afghanistan","National Assembly[2]","House of Elders (<U+0645><U+0634><U+0631><U+0627><U+0646><U+0648><U+062C><U+0631><U+06AB><U+0647> Meshrano Jirga)","Upper","3, 4 and 5","Elected by district and provincial councils, and appointed by the president",102,"298,234",291,"Upper","298,234",298234,"Afghanistan",30419868
"3",3,"Albania","","Parliament (Kuvendi i Shqipërisë)","Unicameral","4","Closed list proportional representation with the D'Hondt method by county with a 3% threshold",140,"20,226",177,"Unicameral","20,226",20226,"Albania",2831640
"4",4,"Algeria","Parliament[2]","People's National Assembly (al-Majlis al-Sha'abi al-Watani)","Lower","6","Open list proportional representation with the largest remainder method by province",462,"80,303",439,"Lower","80,303",80303,"Algeria",37099986
"5",5,"Algeria","Parliament[2]","Council of the Nation (Majlis al-Umma)","Upper","5","Elected by popular wilaya assemblies and communal people's assemblies, and appointed by the President",144,"257,638",1.83,"Upper","257,638",257638,"Algeria",37099872
"6",6,"Andorra","","General Council (Consell General de les Valls)","Unicameral","4","Parallel voting: Closed list proportional representation with the largest remainder method nationwide and block vote by parish",28,"2,789",161,"Unicameral","2,789",2789,"Andorra",78092
"7",7,"Angola","","National Assembly (Assembleia Nacional)","Unicameral","4","Closed list proportional representation with the D'Hondt method nationwide and by province",220,"84,081",525,"Unicameral","84,081",84081,"Angola",18497820
"8",8,"Antigua and Barbuda","Parliament[4]","House of Representatives","Lower","5","First-past-the-post",19,"4,305",82,"Lower","4,305",4305,"Antigua and Barbuda",81795
"9",9,"Antigua and Barbuda","Parliament[4]","Senate","Upper","5","Appointed by the Governor-General on the advice of the Prime Minister and Leader of the Opposition",17,"4,811",92,"Upper","4,811",4811,"Antigua and Barbuda",81787
"10",10,"Argentina","National Congress of Argentina (Congreso de la Nación Argentina)","Chamber of Deputies of the Nation (Cámara de Diputados de la Nación)","Lower","4","Closed list proportional representation with the D'Hondt method by province with a 3% threshold",257,"156,097",2.787,"Lower","156,097",156097,"Argentina",40116929
"11",11,"Argentina","National Congress of Argentina (Congreso de la Nación Argentina)","Senate of the Nation (Senado de la Nación)","Upper","6","Partial block voting by province",72,"557,181",9.95,"Upper","557,181",557181,"Argentina",40117032
"12",12,"Armenia","","National Assembly (<U+0531><U+0566><U+0563><U+0561><U+0575><U+056B><U+0576> <U+053A><U+0578><U+0572><U+0578><U+057E> Azgayin Zhoghov)","Unicameral","5","Parallel voting: Closed list proportional representation in a nationwide constituency with a 5% threshold, and first-past-the-post",131,"24,902",136,"Unicameral","24,902",24902,"Armenia",3262162
"13",13,"Australia","Parliament of Australia[4]","House of Representatives","Lower","3","Instant-runoff voting",150,"154,200",6.096,"Lower","154,200",154200,"Australia",23130000
"14",14,"Australia","Parliament of Australia[4]","Senate","Upper","6","Single transferable vote by state/territory",76,"304,342",12.032,"Upper","304,342",304342,"Australia",23129992
"15",15,"Austria","Austrian Parliament","National Council (Nationalrat)","Lower","5","Open list proportional representation with the D'Hondt method in constituencies with a 4% threshold",183,"43,895",1.923,"Lower","43,895",43895,"Austria",8032785
"16",16,"Austria","Austrian Parliament","Federal Council (Bundesrat)","Upper","5 and 6","Elected by state legislatures",62,"129,563",5.677,"Upper","129,563",129563,"Austria",8032906
"17",17,"Azerbaijan","","National Assembly (Milli M<U+0259>clis)","Unicameral","5","First-past-the-post",125,"73,320",744,"Unicameral","73,320",73320,"Azerbaijan",9165000
"18",18,"Bahamas, The","Parliament","House of Assembly","Lower","5","First-past-the-post",38,"9,326",283,"Lower","9,326",9326,"Bahamas, The",354388
"19",19,"Bahamas, The","Parliament","Senate","Upper","5","Appointed by the Governor-General on the advice of the Prime Minister and Leader of the Opposition",16,"22,103",674,"Upper","22,103",22103,"Bahamas, The",353648
"20",20,"Bahrain","National Assembly[2]","Council of Representatives (Majlis an-nuwab)","Lower","4","Two-round system",40,"30,864",777,"Lower","30,864",30864,"Bahrain",1234560
"21",21,"Bahrain","National Assembly[2]","Consultative Council (Majlis al-shura)","Upper","4","Appointed by the king",40,"30,864",777,"Upper","30,864",30864,"Bahrain",1234560
"22",22,"Bangladesh","","National Parliament (<U+099C><U+09BE><U+09A4><U+09C0><U+09AF><U+09BC> <U+09B8><U+0982><U+09B8><U+09A6> Jatiya Sangsad)","Unicameral","5","First-past-the-post",350,"466,909",818,"Unicameral","466,909",466909,"Bangladesh",163418150
"23",23,"Barbados","Parliament","House of Assembly","Lower","5","First-past-the-post",30,"9,486",216,"Lower","9,486",9486,"Barbados",284580
"24",24,"Barbados","Parliament","Senate","Upper","5","Appointed by the Governor-General on the advice of the Prime Minister and Leader of the Opposition",21,"13,551",309,"Upper","13,551",13551,"Barbados",284571
"25",25,"Belarus","National Assembly (<U+041D><U+0430><U+0446><U+044B><U+044F><U+043D><U+0430><U+043B><U+044C><U+043D><U+044B> <U+0441><U+0445><U+043E><U+0434> Nacyjanalny schod)","House of Representatives (<U+041F><U+0430><U+043B><U+0430><U+0442><U+0430> <U+043F><U+0440><U+0430><U+0434><U+0441><U+0442><U+0430><U+045E><U+043D><U+0456><U+043A><U+043E><U+045E> Palata pradstaunikou)","Lower","4","Two-round system",110,"85,997",1.288,"Lower","85,997",85997,"Belarus",9459670
"26",26,"Belarus","National Assembly (<U+041D><U+0430><U+0446><U+044B><U+044F><U+043D><U+0430><U+043B><U+044C><U+043D><U+044B> <U+0441><U+0445><U+043E><U+0434> Nacyjanalny schod)","Council of the Republic (<U+0421><U+0430><U+0432><U+0435><U+0442> <U+0420><U+044D><U+0441><U+043F><U+0443><U+0431><U+043B><U+0456><U+043A><U+0456> Saviet Respubliki)","Upper","4","Elected by regional councils, and appointed by the President",64,"147,773",2.215,"Upper","147,773",147773,"Belarus",9457472
"27",27,"Belgium","Federal Parliament (Federaal Parlement / Parlement fédéral / Föderales Parlament)","Chamber of Representatives
(Kamer van Volksvertegenwoordigers / Chambre des Représentants / Abgeordnetenkammer)","Lower","5","Open list proportional representation with the D'Hondt method by province with a 5% threshold",150,"74,000",2.897,"Lower","74,000",74000,"Belgium",11100000
"28",28,"Belgium","Federal Parliament (Federaal Parlement / Parlement fédéral / Föderales Parlament)","Senate (Senaat / Sénat / Senat)","Upper","5","Elected by community and regional parliaments",60,"185,000",7.242,"Upper","185,000",185000,"Belgium",11100000
"29",29,"Belize","National Assembly","House of Representatives","Lower","5","First-past-the-post",31,"10,748",90,"Lower","10,748",10748,"Belize",333188
"30",30,"Belize","National Assembly","Senate","Upper","5","Appointed by the Governor-General on the advice of the Prime Minister and Leader of the Opposition",12,"27,766",233,"Upper","27,766",27766,"Belize",333192
"31",31,"Benin","","National Assembly (Assemblée Nationale)","Unicameral","4","Proportional representation with the largest remainder method in constituencies",83,"115,648",176,"Unicameral","115,648",115648,"Benin",9598784
"32",32,"Bhutan","Parliament of Bhutan[5]","National Assembly (<U+0F62><U+0F92><U+0FB1><U+0F63><U+0F0B><U+0F61><U+0F7C><U+0F44><U+0F66><U+0F0B><U+0F5A><U+0F7C><U+0F42><U+0F66><U+0F0B><U+0F60><U+0F51><U+0F74><U+0F0D> Gyelyong Tshogdu)","Lower","5","First-past-the-post",47,"15,072",91,"Lower","15,072",15072,"Bhutan",708384
"33",33,"Bhutan","Parliament of Bhutan[5]","National Council (<U+0F62><U+0F92><U+0FB1><U+0F63><U+0F0B><U+0F61><U+0F7C><U+0F44><U+0F66><U+0F0B><U+0F5A><U+0F7C><U+0F42><U+0F66><U+0F0B><U+0F66><U+0FA1><U+0F7A><U+0F0D> Gyelyong Tshogde)","Upper","4","First-past-the-post, and appointed by the king",25,"28,337",171,"Upper","28,337",28337,"Bhutan",708425
"34",34,"Bolivia","Plurinational Legislative Assembly (Asamblea Legislativa Plurinacional)","Chamber of Deputies (Cámara de Diputados)","Lower","5","Closed list mixed-member proportional representation: Proportional representation with the D'Hondt method by department and first-past-the-post",130,"83,905",391,"Lower","83,905",83905,"Bolivia",10907650
"35",35,"Bolivia","Plurinational Legislative Assembly (Asamblea Legislativa Plurinacional)","Chamber of Senators (Cámara de Senadores)","Upper","5","Closed list proportional representation with the D'Hondt method by department",36,"302,993",1.414,"Upper","302,993",302993,"Bolivia",10907748
"36",36,"Bosnia and Herzegovina","Parliamentary Assembly (Parlamentarna skupština / <U+041F><U+0430><U+0440><U+043B><U+0430><U+043C><U+0435><U+043D><U+0442><U+0430><U+0440><U+043D><U+0430> <U+0441><U+043A><U+0443><U+043F><U+0448><U+0442><U+0438><U+043D><U+0430>)","House of Representatives (Predstavnicki dom / Zastupnicki dom / <U+041F><U+0440><U+0435><U+0434><U+0441><U+0442><U+0430><U+0432><U+043D><U+0438><U+0447><U+043A><U+0438> <U+0434><U+043E><U+043C>)","Lower","4","Open list proportional representation with the largest remainder method in constituencies",42,"91,422",753,"Lower","91,422",91422,"Bosnia and Herzegovina",3839724
"37",37,"Bosnia and Herzegovina","Parliamentary Assembly (Parlamentarna skupština / <U+041F><U+0430><U+0440><U+043B><U+0430><U+043C><U+0435><U+043D><U+0442><U+0430><U+0440><U+043D><U+0430> <U+0441><U+043A><U+0443><U+043F><U+0448><U+0442><U+0438><U+043D><U+0430>)","House of Peoples (Dom naroda / <U+0414><U+043E><U+043C> <U+043D><U+0430><U+0440><U+043E><U+0434>a)","Upper","4","Serbs elected by the National Assembly (Republika Srpska) for the Republic of Srpska, and Bosniaks and Croats elected by the House of Peoples of the Federation of Bosnia and Herzegovina for the Federation of Bosnia and Herzegovina",15,"255,982",2.109,"Upper","255,982",255982,"Bosnia and Herzegovina",3839730
"38",38,"Botswana","Parliament of Botswana","National Assembly","Unicameral","5","First-past-the-post, and appointed by the President",63,"32,211",471,"Unicameral","32,211",32211,"Botswana",2029293
"39",39,"Brazil","National Congress (Congresso Nacional)","Chamber of Deputies (Câmara dos Deputados)","Lower","4","Open list proportional representation with the D'Hondt method by state",513,"371,798",4.471,"Lower","371,798",371798,"Brazil",190732374
"40",40,"Brazil","National Congress (Congresso Nacional)","Federal Senate (Senado Federal)","Upper","8","Partial block voting by state",81,"2,354,724",28.32,"Upper","2,354,724",2354724,"Brazil",190732644
"41",41,"Brunei","","Legislative Council (Majlis Mesyuarat Negara)","Unicameral","no timeframe","Appointed by the Sultan",36,"11,355",582,"Unicameral","11,355",11355,"Brunei",408780
"42",42,"Bulgaria","","National Assembly (<U+041D><U+0430><U+0440><U+043E><U+0434><U+043D><U+043E> <U+0441><U+044A><U+0431><U+0440><U+0430><U+043D><U+0438><U+0435> Narodno sabranie)","Unicameral","4","Closed list proportional representation with the largest remainder method by constituency with a 4% threshold",240,"30,685",420,"Unicameral","30,685",30685,"Bulgaria",7364400
"43",43,"Burkina Faso","","National Assembly (Assemblée Nationale)","Unicameral","5","Proportional representation with the D'Hondt method nationwide and in constituencies",127,"126,281",198,"Unicameral","126,281",126281,"Burkina Faso",16037687
"44",44,"Burundi","Parliament[2]","National Assembly (Assemblée nationale)","Lower","5","Closed list proportional representation with the D'Hondt method in constituencies with a 2% threshold",121,"74,570",43,"Lower","74,570",74570,"Burundi",9022970
"45",45,"Burundi","Parliament[2]","Senate (Sénat)","Upper","5","Elected by the communal councils",43,"179,577",105,"Upper","179,577",179577,"Burundi",7721811
"46",46,"Cambodia","Parliament
(<U+179F><U+1797><U+17B6><U+178F><U+17C6><U+178E><U+17B6><U+1784><U+179A><U+17B6><U+179F><U+17D2><U+178F><U+17D2><U+179A> <U+1796><U+17D2><U+179A><U+17C7><U+179A><U+17B6><U+1787><U+17B6><U+178E><U+17B6><U+1785><U+1780><U+17D2><U+179A><U+1780><U+1798><U+17D2><U+1796><U+17BB><U+1787><U+17B6>)","National Assembly (<U+179A><U+178A><U+17D2><U+178B><U+179F><U+1797><U+17B6><U+1787><U+17B6><U+178F><U+17B7>; Rotsaphea)","Lower","5","Closed list proportional representation with the D'Hondt method by province",123,"108,852",272,"Lower","108,852",108852,"Cambodia",13388796
"47",47,"Cambodia","Parliament
(<U+179F><U+1797><U+17B6><U+178F><U+17C6><U+178E><U+17B6><U+1784><U+179A><U+17B6><U+179F><U+17D2><U+178F><U+17D2><U+179A> <U+1796><U+17D2><U+179A><U+17C7><U+179A><U+17B6><U+1787><U+17B6><U+178E><U+17B6><U+1785><U+1780><U+17D2><U+179A><U+1780><U+1798><U+17D2><U+1796><U+17BB><U+1787><U+17B6>)","Senate (<U+1796><U+17D2><U+179A><U+17B9><U+1791><U+17D2><U+1792><U+179F><U+1797><U+17B6>; Protsaphea)","Upper","6[6]","Appointed by the monarch, elected by the National Assembly and commune councils",61,"219,490",548,"Upper","219,490",219490,"Cambodia",13388890
"48",48,"Cameroon","Parliament","National Assembly","Lower","5","First-past-the-post and Block vote: If no list obtains an absolute majority, the one with the highest number of votes is allocated half of the seats; the remainder is allocated to the other best-placed lists through proportional representation",180,"97,021",262,"Lower","97,021",97021,"Cameroon",17463780
"49",49,"Cameroon","Parliament","Senate","Upper","5","Elected by municipal councils, and appointed by the president",100,"174,638",472,"Upper","174,638",174638,"Cameroon",17463800
"50",50,"Canada","Parliament (Parlement)","House of Commons (Chambre des communes)","Lower","4 years, unless elections are called earlier","First-past-the-post voting",338,"104,571",5.214,"Lower","104,571",104571,"Canada",35344998
"51",51,"Canada","Parliament (Parlement)","Senate (Sénat)","Upper","Until age 75, or resigns.","Appointed by the governor general on the advice of the Prime Minister",105,"318,825",13.296,"Upper","318,825",318825,"Canada",33476625
"52",52,"Cape Verde","","National Assembly (Asembleia Nacional)","Unicameral","5","Closed list proportional representation with the D'Hondt method in constituencies",72,"4,990",20,"Unicameral","4,990",4990,"Cape Verde",359280
"53",53,"Central African Republic","","National Assembly (Assemblée nationale)","Unicameral","5","Two-round system",100,"38,951",36,"Unicameral","38,951",38951,"Central African Republic",3895100
"54",54,"Chad","","National Assembly (Assemblée nationale)","Unicameral","4","Block voting: If no list obtains an absolute majority, the seats are allocated through proportional representation",155,"66,640",126,"Unicameral","66,640",66640,"Chad",10329200
"55",55,"Chile","National Congress (Congreso Nacional)","Chamber of Deputies (Cámara de Diputados)","Lower","4","Binomial voting system (To become open list proportional representation with the D'Hondt method in constituencies by the next election)",120,"145,021",2.496,"Lower","145,021",145021,"Chile",17402520
"56",56,"Chile","National Congress (Congreso Nacional)","Senate of the Republic (Senado de la República)","Upper","8","Binomial voting system",38,"457,963",7.885,"Upper","457,963",457963,"Chile",17402594
"57",57,"People's Republic of China","","National People's Congress (<U+5168><U+56FD><U+4EBA><U+6C11><U+4EE3><U+8868><U+5927><U+4F1A> Quánguó Rénmín Dàibiao Dàhuì)[7]","Unicameral","5","Elected by municipal, regional and provincial congresses, and People's Liberation Army",2.987,"448,518",3.783,"Unicameral","448,518",448518,"People's Republic of China",NA
"58",58,"Colombia","Congress (Congreso)","Chamber of Representatives (Cámara de Representantes)","Lower","4","Open or closed list proportional representation (depending on the political party) with the D'Hondt method by state",166,"279,556",2.843,"Lower","279,556",279556,"Colombia",46406296
"59",59,"Colombia","Congress (Congreso)","Senate (Senado)","Upper","4","Open or closed list proportional representation (depending on the political party) with the D'Hondt method nationwide with a 3% threshold",102,"454,964",4.627,"Upper","454,964",454964,"Colombia",46406328
"60",60,"Comoros","","Assembly of the Union (Assemblée de la Union)","Unicameral","5","Two-round system, and elected by the local assemblies",33,"24,181",25,"Unicameral","24,181",24181,"Comoros",797973
"61",61,"Congo, Democratic Republic of the","Parliament[2]","National Assembly (Assemblée nationale)","Lower","5","Parallel voting: Open list proportional representation with the largest remainder method in constituencies and first-past-the-post voting",500,"143,425",50,"Lower","143,425",143425,"Congo, Democratic Republic of the",71712500
"62",62,"Congo, Democratic Republic of the","Parliament[2]","Senate (Sénat)","Upper","5","Elected by the provincial assemblies",108,"664,008",233,"Upper","664,008",664008,"Congo, Democratic Republic of the",71712864
"63",63,"Congo, Republic of the","Parliament (Parlement)","National Assembly (Assemblée nationale)","Lower","5","Two-round system",153,"28,537",119,"Lower","28,537",28537,"Congo, Republic of the",4366161
"64",64,"Congo, Republic of the","Parliament (Parlement)","Senate (Sénat)","Upper","5","Elected by district, local, and regional councils",52,"83,966",350,"Upper","83,966",83966,"Congo, Republic of the",4366232
"65",65,"Costa Rica","","Legislative Assembly (Asamblea Legislativa)","Unicameral","4","Closed list proportional representation with the largest remainder method by province",57,"75,468",965,"Unicameral","75,468",75468,"Costa Rica",4301676
"66",66,"Croatia","","Croatian Assembly[5] (Hrvatski sabor)","Unicameral","4","Open list proportional representation with the D'Hondt method in constituencies with a 5% threshold",151,"28,414",532,"Unicameral","28,414",28414,"Croatia",4290514
"67",67,"Cuba","","National Assembly of People's Power (Asamblea Nacional del Poder Popular)","Unicameral","5","Popular vote and approval by special candidacy commissions",612,"18,308",185,"Unicameral","18,308",18308,"Cuba",11204496
"68",68,"Cyprus","","House of Representatives (<U+0392><U+03BF><U+03C5><U+03BB><U+03AE> t<U+03C9><U+03BD> <U+0391><U+03BD>t<U+03B9>p<U+03C1><U+03BF>s<U+03CE>p<U+03C9><U+03BD> Vouli Antiprosópon / Temsilciler Meclisi)[8]","Unicameral","5","Open list proportional representation with the largest remainder method by constituency",59,"18,632",402,"Unicameral","18,632",18632,"Cyprus",1099288
"69",69,"Czech Republic","Parliament of the Czech Republic (Parlament Ceské republiky)","Chamber of Deputies (Poslanecká snemovna)","Lower","4","Open list proportional representation with the D'Hondt method by region with a 5% threshold",200,"52,811",1.424,"Lower","52,811",52811,"Czech Republic",10562200
"70",70,"Czech Republic","Parliament of the Czech Republic (Parlament Ceské republiky)","Senate (Senát)","Upper","6","Two-round system (staggered elections)",81,"130,397",3.517,"Upper","130,397",130397,"Czech Republic",10562157
"71",71,"Denmark","","Parliament[5] (Folketing)","Unicameral","4","Open list proportional representation with the D'Hondt method in constituencies with a 2% threshold",179,"30,969",1.154,"Unicameral","30,969",30969,"Denmark",5543451
"72",72,"Djibouti","","National Assembly (Assemblée nationale)","Unicameral","5","Block vote and closed list proportional representation by constituencies: The list obtaining an absolute or relative majority of votes is allocated 80% of the seats; the remainder is allocated to the other best-placed lists which obtained at least 10% of the valid votes through proportional representation; if no other list obtains 10% of the valid votes, the remaining seats will be allocated to the party which won the majority or relative majority of the valid votes",65,"12,587",35,"Unicameral","12,587",12587,"Djibouti",818155
"73",73,"Dominica","","House of Assembly","Unicameral","5","First-past-the-post, and appointed by the President",21,"3,394",46,"Unicameral","3,394",3394,"Dominica",71274
"74",74,"Dominican Republic","National Congress (Congreso Nacional)","Chamber of Deputies (Cámara de Diputados)","Lower","4","Open list proportional representation with the D'Hondt method by province and nationwide with a 1% threshold for the nationwide seats",183,"51,520",510,"Lower","51,520",51520,"Dominican Republic",9428160
"75",75,"Dominican Republic","National Congress (Congreso Nacional)","Senate (Senado)","Upper","4","First-past-the-post",32,"293,088",2.918,"Upper","293,088",293088,"Dominican Republic",9378816
"76",76,"East Timor","","National Parliament (Parlamento Nacional)","Unicameral","5","Closed list proportional representation with the D'Hondt method nationwide with a 3% threshold",65,"16,408",146,"Unicameral","16,408",16408,"East Timor",1066520
"77",77,"Ecuador","","National Assembly (Asamblea Nacional)","Unicameral","4","Parallel voting: Closed list proportional representation in a nationwide constituency and first-past-the-post",137,"116,802",1.028,"Unicameral","116,802",116802,"Ecuador",16001874
"78",78,"Egypt","Parliament[2]","House of Representatives (<U+0645><U+062C><U+0644><U+0633> <U+0627><U+0644><U+0646><U+0648><U+0627><U+0628> Majilis Al-Nuwab)","Unicameral","5","Parallel voting: First-past-the-post, block vote, and appointed by the President",596,"150,983",1.021,"Unicameral","150,983",150983,"Egypt",89985868
"79",79,"El Salvador","","Legislative Assembly (Asamblea Legislativa)","Unicameral","3","Open list proportional representation with the largest remainder method by department and nationwide",84,"68,382",530,"Unicameral","68,382",68382,"El Salvador",5744088
"80",80,"Equatorial Guinea","Parliament of Equatorial Guinea","Chamber of Deputies (Cámara de los Diputados)","Lower","5","Closed list proportional representation in constituencies with a 10% threshold",100,"16,220",172,"Lower","16,220",16220,"Equatorial Guinea",1622000
"81",81,"Equatorial Guinea","Parliament of Equatorial Guinea","Senate","Upper","","Closed list proportional representation with a 10% threshold, and appointed by the President",70,"23,171",246,"Upper","23,171",23171,"Equatorial Guinea",1621970
"82",82,"Eritrea","","National Assembly (Hagerawi Baito)","Unicameral","5","Popular vote",104,"50,878",38,"Unicameral","50,878",50878,"Eritrea",5291312
"83",83,"Estonia","","State Assembly[5] (Riigikogu)","Unicameral","4","Open list proportional representation with the D'Hondt method in constituencies with a 5% threshold",101,"12,814",270,"Unicameral","12,814",12814,"Estonia",1294214
"84",84,"Ethiopia","Parliament[2]","House of Peoples' Representatives (Yehizbtewekayoch Mekir Bet)","Lower","5","First-past-the-post",547,"135,134",173,"Lower","135,134",135134,"Ethiopia",73918298
"85",85,"Ethiopia","Parliament[2]","House of Federation (Yefedereshn Mekir Bet)","Upper","5","Elected by State Councils",112,"659,986",847,"Upper","659,986",659986,"Ethiopia",73918432
"86",86,"Federated States of Micronesia","","Congress","Unicameral","4","First-past-the-post",14,"7,642",25,"Unicameral","7,642",7642,"Federated States of Micronesia",106988
"87",87,"Fiji","","Parliament","Unicameral","4","Open list proportional representation with the D'Hondt method nationwide with a 5% threshold",50,"16,745",82,"Unicameral","16,745",16745,"Fiji",837250
"88",88,"Finland","","Parliament (Eduskunta)[9]","Unicameral","4","Open list proportional representation with the D'Hondt method in constituencies, and first-past-the-post for Åland's lone seat",200,"25,900",978,"Unicameral","25,900",25900,"Finland",5180000
"89",89,"France","Parliament (Parlement)","National Assembly (Assemblée nationale)","Lower","5","Two-round system",577,"113,258",3.843,"Lower","113,258",113258,"France",65349866
"90",90,"France","Parliament (Parlement)","Senate (Sénat)","Upper","6","Elected indirectly by officials including regional councilors, department councilors, mayors, city councilors, and members of the National Assembly",348,"187,787",6.373,"Upper","187,787",187787,"France",65349876
"91",91,"Gabon","Parliament (Parlement)","National Assembly (Assemblée nationale)","Lower","5","First-past-the-post, and appointed by the President",121,"12,190",203,"Lower","12,190",12190,"Gabon",1474990
"92",92,"Gabon","Parliament (Parlement)","Senate (Sénat)","Upper","6","Indirectly elected by local and départemental councillors",102,"14,460",240,"Upper","14,460",14460,"Gabon",1474920
"93",93,"Gambia","","National Assembly","Unicameral","5","First-past-the-post, and appointed by the President",58,"25,673",65,"Unicameral","25,673",25673,"Gambia",1489034
"94",94,"Georgia","","Parliament of Georgia (<U+10E1><U+10D0><U+10E5><U+10D0><U+10E0><U+10D7><U+10D5><U+10D4><U+10DA><U+10DD><U+10E1> <U+10DE><U+10D0><U+10E0><U+10DA><U+10D0><U+10DB><U+10D4><U+10DC><U+10E2><U+10D8> Sak'art'velos Parlamenti)","Unicameral","4","Parallel voting: Closed list proportional representation in a nationwide constituency with a 5% threshold, and first-past-the-post",150,"29,794",163,"Unicameral","29,794",29794,"Georgia",4469100
"95",95,"Germany","","Federal Diet[5] (Bundestag)","N/A (unofficially Lower house)","4","Closed list mixed-member proportional representation with the D'Hondt method by state with a 5% threshold, and first-past-the-post",630,"128,500",4.998,"N/A (unofficially Lower house)","128,500",128500,"Germany",80955000
"96",96,"Germany","","Federal Council[5] (Bundesrat)","N/A (unofficially Upper house)","dependant on individual state elections","Delegated from state governments",69,"1,185,501",44.914,"N/A (unofficially Upper house)","1,185,501",1185501,"Germany",81799569
"97",97,"Ghana","","Parliament","Unicameral","4","First-past-the-post",228,"106,286",328,"Unicameral","106,286",106286,"Ghana",24233208
"98",98,"Greece","","Hellenic Parliament[5] (<U+0392><U+03BF><U+03C5><U+03BB><U+03AE> t<U+03C9><U+03BD> <U+0395><U+03BB><U+03BB><U+03AE><U+03BD><U+03C9><U+03BD> Vouli ton Ellinon)","Unicameral","4","Open list reinforced proportional representation with the D'Hondt method in constituencies with a 3% threshold",300,"35,958",981,"Unicameral","35,958",35958,"Greece",10787400
"99",99,"Grenada","Parliament","House of Representatives","Lower","5","First-past-the-post",15,"7,333",96,"Lower","7,333",7333,"Grenada",109995
"100",100,"Grenada","Parliament","Senate","Upper","5","appointed by the government and by the leader of opposition",13,"8,461",111,"Upper","8,461",8461,"Grenada",109993
"101",101,"Guatemala","","Congress of the Republic (Congreso de la República)","Unicameral","4","proportional closed list",158,"80,557",472,"Unicameral","80,557",80557,"Guatemala",12728006
"102",102,"Guinea","","National Assembly (Assemblée nationale)","Unicameral","5","proportional closed list",114,"88,227",100,"Unicameral","88,227",88227,"Guinea",10057878
"103",103,"Guinea-Bissau","","National People's Assembly (Assembleia Nacional Popular)","Unicameral","4","proportional closed list",100,"13,454",19,"Unicameral","13,454",13454,"Guinea-Bissau",1345400
"104",104,"Guyana","","National Assembly","Unicameral","5","popular vote and appointed by the President",65,"11,583",88,"Unicameral","11,583",11583,"Guyana",752895
"105",105,"Haiti","National Assembly (Assemblée nationale)","Chamber of Deputies (Chambre des Députés)","Lower","4","proportional",119,"98,181",124,"Lower","98,181",98181,"Haiti",11683539
"106",106,"Haiti","National Assembly (Assemblée nationale)","Senate (Sénat)","Upper","6","",30,"323,997",412,"Upper","323,997",323997,"Haiti",9719910
"107",107,"Honduras","","National Congress (Congreso Nacional)","Unicameral","4","proportional open list",128,"58,823",278,"Unicameral","58,823",58823,"Honduras",7529344
"108",108,"Hungary","","National Assembly (Országgyulés)","Unicameral","4","proportional open list
and Scorporo",199,"25,860",506,"Unicameral","25,860",25860,"Hungary",5146140
"109",109,"Iceland","","Assembly of All[5] (Alþingi)","Unicameral","4","proportional mixed",63,"5,080",196,"Unicameral","5,080",5080,"Iceland",320040
"110",110,"India","Parliament (<U+0938><U+0902><U+0938><U+0926> Sansad)","House of the People[5] (<U+0932><U+094B><U+0915> <U+0938><U+092D><U+093E> Lok Sabha)","Lower","5","popular vote and appointed by the President",545,"2,192,379",8.075,"Lower","2,192,379",2192379,"India",1194846555
"111",111,"India","Parliament (<U+0938><U+0902><U+0938><U+0926> Sansad)","Council of States[5] (<U+0930><U+093E><U+091C><U+094D><U+092F> <U+0938><U+092D><U+093E> Rajya Sabha)","Upper","6","appointed by the President and elected members of the states and territories",245,"4,847,900",17.831,"Upper","4,847,900",4847900,"India",1187735500
"112",112,"Indonesia","People's Consultative Assembly (Majelis Permusyawaratan Rakyat)","People's Representative Council (Dewan Perwakilan Rakyat)","Lower","5","proportional open list",560,"423,972",2.008,"Lower","423,972",423972,"Indonesia",237424320
"113",113,"Indonesia","People's Consultative Assembly (Majelis Permusyawaratan Rakyat)","Regional Representative Council (Dewan Perwakilan Daerah)","Upper","5","Single non-transferable vote",132,"1,798,669",8.52,"Upper","1,798,669",1798669,"Indonesia",237424308
"114",114,"Iran","","Islamic Consultative Assembly[5] (<U+0645><U+062C><U+0644><U+0633> <U+0634><U+0648><U+0631><U+0627><U+06CC> <U+0627><U+0633><U+0644><U+0627><U+0645><U+06CC> Majles-e Showra-ye Eslami)","Unicameral","4","popular vote",290,"259,136",3.414,"Unicameral","259,136",259136,"Iran",75149440
"115",115,"Iraq","","Council of Representatives of Iraq[5] (<U+0645><U+062C><U+0644><U+0633> <U+0627><U+0644><U+0646><U+0648><U+0627><U+0628> <U+0627><U+0644><U+0639><U+0631><U+0627><U+0642><U+064A> Majlis Al-Niwab Al-Iraqi)","Unicameral","4","proportional open list",325,"95,782",392,"Unicameral","95,782",95782,"Iraq",31129150
"116",116,"Ireland","Parliament[5] (Oireachtas)","House of Representatives of Ireland (Dáil Éireann)[5]","Lower","5","Proportional Representation Single Transferable Vote",158,"27,640",1.093,"Lower","27,640",27640,"Ireland",4367120
"117",117,"Ireland","Parliament[5] (Oireachtas)","Senate of Ireland[5] (Seanad Éireann)","Upper","5","appointed by the prime minister and elected by universities",60,"76,470",3.026,"Upper","76,470",76470,"Ireland",4588200
"118",118,"Israel","","Assembly[5] (<U+05DB><U+05E0><U+05E1><U+05EA> Knesset)","Unicameral","4","proportional closed list",120,"61,768",1.96,"Unicameral","61,768",61768,"Israel",7412160
"119",119,"Italy","Parliament (Parlamento)","Chamber of Deputies (Camera dei Deputati)","Lower","5","proportional closed list",630,"94,556",2.931,"Lower","94,556",94556,"Italy",59570280
"120",120,"Italy","Parliament (Parlamento)","Senate of the Republic (Senato della Repubblica)","Upper","5","proportional closed list and appointed by the President",315,"189,112",5.863,"Upper","189,112",189112,"Italy",59570280
"121",121,"Ivory Coast","Parliament (Parlement)","National Assembly (Assemblée nationale)","Lower","5","majority",255,"294,529",515,"Lower","294,529",294529,"Ivory Coast",75104895
"122",122,"Ivory Coast","Parliament (Parlement)","Senate (Sénat)","Upper","5","Elected by district and provincial councils, and appointed by the president and appointed by the President",120,"197,837",711,"Upper","197,837",197837,"Ivory Coast",23740440
"123",123,"Jamaica","Parliament","House of Representatives","Lower","5","First-past-the-post voting",63,"45,860",392,"Lower","45,860",45860,"Jamaica",2889180
"124",124,"Jamaica","Parliament","Senate","Upper","5","Appointed by the Governor General",21,"137,580",1.176,"Upper","137,580",137580,"Jamaica",2889180
"125",125,"Japan","Diet (<U+56FD><U+4F1A> Kokkai)","House of Representatives (<U+8846><U+8B70><U+9662> Shugiin)","Lower","4","proportional and majority",475,"266,783",9.25,"Lower","266,783",266783,"Japan",126721925
"126",126,"Japan","Diet (<U+56FD><U+4F1A> Kokkai)","House of Councillors (<U+53C2><U+8B70><U+9662> Sangiin)","Upper","6","proportional",242,"529,157",18.348,"Upper","529,157",529157,"Japan",128055994
"127",127,"Jordan","Parliament (<U+0645><U+062C><U+0644><U+0633> <U+0627><U+0644><U+0623><U+0645><U+0629> Majlis al-Umma)","Assembly of Deputies (<U+0645><U+062C><U+0644><U+0633> <U+0627><U+0644><U+0646><U+0648><U+0627><U+0628> Majlis al-Nuwaab)","Lower","4","Single non-transferable vote",150,"46,760",307,"Lower","46,760",46760,"Jordan",7014000
"128",128,"Jordan","Parliament (<U+0645><U+062C><U+0644><U+0633> <U+0627><U+0644><U+0623><U+0645><U+0629> Majlis al-Umma)","Senate (<U+0645><U+062C><U+0644><U+0633> <U+0627><U+0644><U+0623><U+0639><U+064A><U+0627><U+0646> Majlis al-Aayan)","Upper","6","appointed by the monarch",75,"93,520",614,"Upper","93,520",93520,"Jordan",7014000
"129",129,"Kazakhstan","Parliament (Parlamenti)","Assembly[5] (Mazhilis)","Lower","5","",107,"207,854",2.815,"Lower","207,854",207854,"Kazakhstan",22240378
"130",130,"Kazakhstan","Parliament (Parlamenti)","Senate","Upper","6","appointed by the President and elected by local assemblies",47,"340,527",4.612,"Upper","340,527",340527,"Kazakhstan",16004769
"131",131,"Kenya","Parliament","National Assembly","Lower","5","parallel",349,"126,182",118,"Lower","126,182",126182,"Kenya",44037518
"132",132,"Kenya","Parliament","Senate","Upper","5","popular vote and appointed by the President",67,"657,278",614,"Upper","657,278",657278,"Kenya",44037626
"133",133,"Kiribati","","House of Assembly (Maneaba ni Maungatabu)","Unicameral","4","popular vote and appointed by Rabi Council of Leaders",46,"2,239",13,"Unicameral","2,239",2239,"Kiribati",102994
"134",134,"Korea, North","","Supreme People's Assembly (<U+CD5C><U+ACE0><U+C778><U+BBFC><U+D68C><U+C758> Ch'oe-go In-min Hoe-ui)","Unicameral","5","popular vote",687,"36,390",58,"Unicameral","36,390",36390,"Korea, North",24999930
"135",135,"Korea, South","","National Assembly (<U+AD6D><U+D68C> Gukhoe)","Unicameral","4","majority and proportional",300,"166,691",5.18,"Unicameral","166,691",166691,"Korea, South",50007300
"136",136,"Kuwait","","National Assembly (<U+0645><U+062C><U+0644><U+0633> <U+0627><U+0644><U+0623><U+0645><U+0629> Majlis al-Umma)","Unicameral","4","popular vote and appointed by the prime minister",50,"71,328",3.07,"Unicameral","71,328",71328,"Kuwait",3566400
"137",137,"Kyrgyzstan","","Supreme Council (Joghorku Keneš)","Unicameral","5","popular vote",120,"44,690",109,"Unicameral","44,690",44690,"Kyrgyzstan",5362800
"138",138,"Laos","","National Assembly (Sapha Heng Xat)","Unicameral","5","one-party state closed list",115,"48,148",151,"Unicameral","48,148",48148,"Laos",5537020
"139",139,"Latvia","","Parliament[5] (Saeima)","Unicameral","4","proportional closed list",100,"20,703",349,"Unicameral","20,703",20703,"Latvia",2070300
"140",140,"Lebanon","Parliament
(Parlement)","Chamber of Deputies (<U+0645><U+062C><U+0644><U+0633> <U+0627><U+0644><U+0646><U+0648><U+0627><U+0628> Majlis an-Nuwwab)[10]","Unicameral","4","popular vote",128,"33,000",480,"Unicameral","33,000",33000,"Lebanon",4224000
"141",141,"Lesotho","Parliament","National Assembly","Lower","5","popular vote and proportional",120,"16,927",31,"Lower","16,927",16927,"Lesotho",2031240
"142",142,"Lesotho","Parliament","Senate","Upper","5","appointed by principal chiefs and by the ruling party",33,"61,556",115,"Upper","61,556",61556,"Lesotho",2031348
"143",143,"Liberia","Legislature","House of Representatives","Lower","6","majority",73,"47,624",24,"Lower","47,624",47624,"Liberia",3476552
"144",144,"Liberia","Legislature","Senate","Upper","9","majority",30,"115,896",58,"Upper","115,896",115896,"Liberia",3476880
"145",145,"Libya","","House of Representatives ( <U+0645><U+062C><U+0644><U+0633> <U+0627><U+0644><U+0646><U+0648><U+0627><U+0628> Majlis an-Nuwwab)","Unicameral","","",200,"28,353",187,"Unicameral","28,353",28353,"Libya",5670600
"146",146,"Liechtenstein","","Diet[5] (Landtag)","Unicameral","4","proportional closed list",25,"1,451",201,"Unicameral","1,451",1451,"Liechtenstein",36275
"147",147,"Lithuania","","Parliament[5] (Seimas)","Unicameral","4","proportional",141,"21,658",436,"Unicameral","21,658",21658,"Lithuania",3053778
"148",148,"Luxembourg","","Chamber of Deputies (D'Chamber)[11]","Unicameral","5","popular vote",60,"8,484",687,"Unicameral","8,484",8484,"Luxembourg",509040
"149",149,"Macedonia, Republic of","","Assembly (<U+0421><U+043E><U+0431><U+0440><U+0430><U+043D><U+0438><U+0435> Sobranie)","Unicameral","4","",123,"16,736",173,"Unicameral","16,736",16736,"Macedonia, Republic of",2058528
"150",150,"Madagascar","Parliament[2]","National Assembly (Antenimieram-Pirenena)[12]","Lower","5","",160,"137,078",127,"Lower","137,078",137078,"Madagascar",21932480
"151",151,"Madagascar","Parliament[2]","Senate (Sénat)","Upper","5","",33,"664,430",618,"Upper","664,430",664430,"Madagascar",21926190
"152",152,"Malawi","","National Assembly","Unicameral","5","First-past-the-post voting",193,"76,809",71,"Unicameral","76,809",76809,"Malawi",14824137
"153",153,"Malaysia","Parliament (Parlimen)","House of Representatives[13] (Dewan Rakyat)","Lower","5","First-past-the-post voting",222,"127,631",2.014,"Lower","127,631",127631,"Malaysia",28334082
"154",154,"Malaysia","Parliament (Parlimen)","Senate[14] (Dewan Negara)","Upper","3","26 appointed by the State Legislative Assemblies, 2 for each state and 44 appointed by the Yang di-Pertuan Agong, of which 4 are for the Federal Territories.",70,"404,773",6.389,"Upper","404,773",404773,"Malaysia",28334110
"155",155,"Maldives","","Assembly[5] (Majlis)","Unicameral","5","First-past-the-post voting",85,"4,266",36,"Unicameral","4,266",4266,"Maldives",362610
"156",156,"Mali","","National Assembly (Assemblée nationale)","Unicameral","4","147 elected in single or multi-member constituencies, using a runoff system. 13 elected by overseas Malians.",160,"90,732",111,"Unicameral","90,732",90732,"Mali",14517120
"157",157,"Malta","","House of Representatives (Kamra tad-Deputati)","Unicameral","5","Single transferable vote",69,"5,950",155,"Unicameral","5,950",5950,"Malta",410550
"158",158,"Marshall Islands","","Legislature (Nitijela)","Unicameral","4","Single and multi-member constituencies",33,"2,060",4,"Unicameral","2,060",2060,"Marshall Islands",67980
"159",159,"Mauritania","Parliament (Barlamene)","National Assembly (Al Jamiya al-Wataniyah)","Lower","5","Runoff election",146,"37,888",87,"Lower","37,888",37888,"Mauritania",5531648
"160",160,"Mauritius","","National Assembly","Unicameral","5","",65,"17,614",275,"Unicameral","17,614",17614,"Mauritius",1144910
"161",161,"Mexico","Congress of the Union (Congreso de la Unión)","Chamber of Deputies (Cámara de Diputados)","Lower","3","Parallel voting: Largest remainder method (Hare quota) (200 seats) / FPTP (300 seats)",500,"227,821",3.323,"Lower","227,821",227821,"Mexico",113910500
"162",162,"Mexico","Congress of the Union (Congreso de la Unión)","Chamber of Senators (Cámara de Senadores)","Upper","6","Parallel voting: Largest remainder method (Hare quota)",128,"889,926",12.981,"Upper","889,926",889926,"Mexico",113910528
"163",163,"Moldova","","Parliament (Parlamentul)","Unicameral","4","",101,"33,498",118,"Unicameral","33,498",33498,"Moldova",3383298
"164",164,"Monaco","","National Council (Conseil National)","Unicameral","5","",24,"1,473",227,"Unicameral","1,473",1473,"Monaco",35352
"165",165,"Mongolia","","State Great Assembly[15] (<U+0423><U+043B><U+0441><U+044B><U+043D> <U+0418><U+0445> <U+0425><U+0443><U+0440><U+0430><U+043B> Ulsyn Ich-Chural)","Unicameral","4","",76,"36,245",174,"Unicameral","36,245",36245,"Mongolia",2754620
"166",166,"Montenegro","","Assembly (Skupština / <U+0421><U+043A><U+0443><U+043F><U+0448><U+0442><U+0438><U+043D><U+0430>)","Unicameral","4","",81,"7,719",88,"Unicameral","7,719",7719,"Montenegro",625239
"167",167,"Morocco","Parliament[2]","House of Representatives (Majlis al-Nuwab)","Lower","5","",395,"100,444",500,"Lower","100,444",100444,"Morocco",39675380
"168",168,"Morocco","Parliament[2]","House of Councillors (Majlis al-Mustasharin)","Upper","9","",270,"120,905",602,"Upper","120,905",120905,"Morocco",32644350
"169",169,"Mozambique","","Assembly of the Republic (Assembleia da República)","Unicameral","5","proportional party list",250,"85,588",95,"Unicameral","85,588",85588,"Mozambique",21397000
"170",170,"Myanmar (Burma)","Assembly of the Union (Pyidaungsu Hluttaw)","House of Representatives (Pyithu Hluttaw)","Lower","5","popular vote and appointed by the military",440,"137,000",187,"Lower","137,000",137000,"Myanmar (Burma)",60280000
"171",171,"Myanmar (Burma)","Assembly of the Union (Pyidaungsu Hluttaw)","House of Nationalities (Amyotha Hluttaw)","Upper","5","popular vote and appointed by the military",224,"269,107",369,"Upper","269,107",269107,"Myanmar (Burma)",60279968
"172",172,"Namibia","Parliament","National Assembly","Lower","5","",104,"26,923",201,"Lower","26,923",26923,"Namibia",2799992
"173",173,"Namibia","Parliament","National Council","Upper","6","",26,"80,769",605,"Upper","80,769",80769,"Namibia",2099994
"174",174,"Nauru","","Parliament","Unicameral","3","",18,"521",3,"Unicameral","521",521,"Nauru",9378
"175",175,"Nepal","","Parliament","Unicameral","4","Mixed member majoritarian (First past the post for 240 members, proportional representation for 335 members, and 26 members appointed by the Prime Minister)",601,"44,084",35,"Unicameral","44,084",44084,"Nepal",26494484
"176",176,"Netherlands","States General (Staten-Generaal)","House of Representatives (Tweede Kamer, Second Chamber)","Lower","4","",150,"111,533",4.693,"Lower","111,533",111533,"Netherlands",16729950
"177",177,"Netherlands","States General (Staten-Generaal)","Senate (Eerste Kamer, First Chamber)","Upper","4","",75,"223,066",9.387,"Upper","223,066",223066,"Netherlands",16729950
"178",178,"New Zealand","Parliament","House of Representatives","Unicameral","3","mixed-member proportional representation",120,"33,566",1.018,"Unicameral","33,566",33566,"New Zealand",4027920
"179",179,"Nicaragua","","National Assembly (Asamblea Nacional)","Unicameral","5","",92,"64,034",205,"Unicameral","64,034",64034,"Nicaragua",5891128
"180",180,"Niger","","National Assembly (Assemblée nationale)","Unicameral","5","",171,"139,210",102,"Unicameral","139,210",139210,"Niger",23804910
"181",181,"Nigeria","National Assembly","House of Representatives","Lower","4","",360,"388,898",1.148,"Lower","388,898",388898,"Nigeria",140003280
"182",182,"Nigeria","National Assembly","Senate","Upper","4","",109,"1,284,436",3.792,"Upper","1,284,436",1284436,"Nigeria",140003524
"183",183,"Norway","","Great Assembly[5] (Storting)","Unicameral","4","proportional mixed",169,"29,785",1.573,"Unicameral","29,785",29785,"Norway",5033665
"184",184,"Oman","Council of Oman","Consultative Assembly[16] (Majlis al-Shura)","Lower","4","",84,"33,017",973,"Lower","33,017",33017,"Oman",2773428
"185",185,"Oman","Council of Oman","Assembly of State[17] (Majlis al-Dawla)","Upper","4","",83,"33415",985,"Upper","33415",33415,"Oman",2773445
"186",186,"Pakistan","Parliament of Pakistan (<U+067E><U+0627><U+0631><U+0644><U+06CC><U+0645><U+0646><U+0679>)","National Assembly (<U+0627><U+06CC><U+0648><U+0627><U+0646> <U+0632><U+06CC><U+0631><U+06CC><U+06BA> <U+067E><U+0627><U+06A9><U+0633><U+062A><U+0627><U+0646>)","Lower","5","",342,"537,023",1.454,"Lower","537,023",537023,"Pakistan",183661866
"187",187,"Pakistan","Parliament of Pakistan (<U+067E><U+0627><U+0631><U+0644><U+06CC><U+0645><U+0646><U+0679>)","Senate (<U+0627><U+06CC><U+0648><U+0627><U+0646><U+0650> <U+0628><U+0627><U+0644><U+0627>)[18]","Upper","6","",104,"1,735,000",4.697,"Upper","1,735,000",1735000,"Pakistan",180440000
"188",188,"Palau","National Congress (Olbiil era Kelulau)","House of Delegates[2]","Lower","4","majority rule",16,"1,309",17,"Lower","1,309",1309,"Palau",20944
"189",189,"Palau","National Congress (Olbiil era Kelulau)","Senate[2]","Upper","4","majority rule",9,"2,328",31,"Upper","2,328",2328,"Palau",20952
"190",190,"State of Palestine","","Legislative Council (Palestinian National Authority)","Unicameral","","",132,"32,277",NA,"Unicameral","32,277",32277,"State of Palestine",4260564
"191",191,"Panama","","National Assembly (Asamblea Nacional)","Unicameral","5","",71,"47,969",712,"Unicameral","47,969",47969,"Panama",3405799
"192",192,"Papua New Guinea","","National Parliament","Unicameral","5","",109,"56,766",154,"Unicameral","56,766",56766,"Papua New Guinea",6187494
"193",193,"Paraguay","Congress (Congreso)","Chamber of Deputies (Cámara de Diputados)","Lower","5","",80,"80,681",441,"Lower","80,681",80681,"Paraguay",6454480
"194",194,"Paraguay","Congress (Congreso)","Chamber of Senators (Cámara de Senadores)","Upper","5","",45,"143,434",785,"Upper","143,434",143434,"Paraguay",6454530
"195",195,"Peru","","Congress of the Republic (Congreso de la República)","Unicameral","5","",130,"217,082",2.322,"Unicameral","217,082",217082,"Peru",28220660
"196",196,"Philippines","Congress (Kongreso)","House of Representatives (Kapulungan ng mga Kinatawan / Mababang Kapulungan / Cámara de Representantes)","Lower","3","closed list and First-past-the-post voting",292,"355,393",1.365,"Lower","355,393",355393,"Philippines",103774756
"197",197,"Philippines","Congress (Kongreso)","Senate (Senado / Mataas na Kapulungan)","Upper","6","bloc voting",24,"4,323,958",16.267,"Upper","4,323,958",4323958,"Philippines",103774992
"198",198,"Poland","Parliament of PolandNational Assembly (Zgromadzenie Narodowe)[19]","Sejm[5] (Sejm)","Lower","4","proportional open list",460,"83,697",1.677,"Lower","83,697",83697,"Poland",38500620
"199",199,"Poland","Parliament of PolandNational Assembly (Zgromadzenie Narodowe)[19]","Senate (Senat)","Upper","4","majority",100,"385,010",7.716,"Upper","385,010",385010,"Poland",38501000
"200",200,"Portugal","","Assembly of the Republic (Assembleia da República)","Unicameral","4","proportional party list",230,"45,920",1.082,"Unicameral","45,920",45920,"Portugal",10561600
"201",201,"Qatar","","Consultative Assembly[20] (Majlis ash-Shura)","Unicameral","","",35,"52,958",5.2,"Unicameral","52,958",52958,"Qatar",1853530
"202",202,"Romania","Parliament (Parlamentul)","Chamber of Deputies (Camera Deputatilor)","Lower","4","",329,"58,416",819,"Lower","58,416",58416,"Romania",19218864
"203",203,"Romania","Parliament (Parlamentul)","Senate (Senat)","Upper","4","",137,"139,005",1.95,"Upper","139,005",139005,"Romania",19043685
"204",204,"Russia","Federal Assembly (<U+0424><U+0435><U+0434><U+0435><U+0440><U+0430><U+043B><U+044C><U+043D><U+043E><U+0435> <U+0421><U+043E><U+0431><U+0440><U+0430><U+043D><U+0438><U+0435> Federalnoye Sobraniye)","State Duma[5] (<U+0413><U+043E><U+0441><U+0443><U+0434><U+0430><U+0440><U+0441><U+0442><U+0432><U+0435><U+043D><U+043D><U+0430><U+044F> <U+0414><U+0443><U+043C><U+0430> Gosudarstvennaya Duma)","Lower","5","parallel (First-past-the-post voting for 225 members and proportional party list for 225 members)",450,"318,000",5.296,"Lower","318,000",318000,"Russia",143100000
"205",205,"Russia","Federal Assembly (<U+0424><U+0435><U+0434><U+0435><U+0440><U+0430><U+043B><U+044C><U+043D><U+043E><U+0435> <U+0421><U+043E><U+0431><U+0440><U+0430><U+043D><U+0438><U+0435> Federalnoye Sobraniye)","Federation Council (<U+0421><U+043E><U+0432><U+0435><U+0442> <U+0424><U+0435><U+0434><U+0435><U+0440><U+0430><U+0446><U+0438><U+0438> Sovet Federatsii)","Upper","dependant on individual elections in the federal subjects (4 or 5)","senators are delegated from the executive and legislative bodies of the federal subjects",170,"862,048",14.357,"Upper","862,048",862048,"Russia",146548160
"206",206,"Rwanda","Parliament (Inteko Ishinga Amategeko)","Chamber of Deputies (Umutwe w'Abadepite)","Lower","5","",80,"146,121",171,"Lower","146,121",146121,"Rwanda",11689680
"207",207,"Rwanda","Parliament (Inteko Ishinga Amategeko)","Senate (Umutwe wa Sena)","Upper","8","",26,"449,603",526,"Upper","449,603",449603,"Rwanda",11689678
"208",208,"Saint Kitts and Nevis","","National Assembly","Unicameral","5","",15,"3,686",58,"Unicameral","3,686",3686,"Saint Kitts and Nevis",55290
"209",209,"Saint Lucia","Parliament","House of Assembly","Lower","5","",17,"10,221",123,"Lower","10,221",10221,"Saint Lucia",173757
"210",210,"Saint Lucia","Parliament","Senate","Upper","","",11,"15,796",191,"Upper","15,796",15796,"Saint Lucia",173756
"211",211,"Saint Vincent and the Grenadines","","House of Assembly","Unicameral","5","",21,"5,714",59,"Unicameral","5,714",5714,"Saint Vincent and the Grenadines",119994
"212",212,"Samoa","","Legislative Assembly[5] (Fono)","Unicameral","5","",49,"3,965",22,"Unicameral","3,965",3965,"Samoa",194285
"213",213,"San Marino","","Grand and General Council (Consiglio Grande e Generale)","Unicameral","5","",60,"536",18,"Unicameral","536",536,"San Marino",32160
"214",214,"São Tomé and Príncipe","","National Assembly (Assembleia Nacional)","Unicameral","4","",55,"3,330",6,"Unicameral","3,330",3330,"São Tomé and Príncipe",183150
"215",215,"Saudi Arabia","","Council of Ministers (<U+0645><U+062C><U+0644><U+0633> <U+0627><U+0644><U+0648><U+0632><U+0631><U+0627><U+0621> Majlis al-Wuzara’ )[21]","N/A","4","Appointed by the King",30,"1,100,000",22.967,"N/A","1,100,000",1100000,"Saudi Arabia",3.3e+07
"216",216,"Saudi Arabia","","Consultative Assembly (<U+0645><U+062C><U+0644><U+0633> <U+0627><U+0644><U+0634><U+0648><U+0631><U+0649> Majlis Ash-Shura)[22]","N/A","4","Appointed by the King",150,"220,000",4.593,"N/A","220,000",220000,"Saudi Arabia",3.3e+07
"217",217,"Senegal","Parliament","National Assembly","Unicameral","5","",150,"85,701",167,"Unicameral","85,701",85701,"Senegal",12855150
"218",218,"Serbia","","National Assembly (<U+041D><U+0430><U+0440><U+043E><U+0434><U+043D><U+0430> <U+0441><U+043A><U+0443><U+043F><U+0448><U+0442><U+0438><U+043D><U+0430> / Narodna Skupština)","Unicameral","4","",250,"28,482",315,"Unicameral","28,482",28482,"Serbia",7120500
"219",219,"Seychelles","","National Assembly","Unicameral","5","",31,"2,709",72,"Unicameral","2,709",2709,"Seychelles",83979
"220",220,"Sierra Leone","","Parliament","Unicameral","5","",124,"40,136",41,"Unicameral","40,136",40136,"Sierra Leone",4976864
"221",221,"Singapore","","Parliament","Unicameral","5","First-past-the-post voting (MP) and appointed by the President (NMP)",99,"52,360",3.18,"Unicameral","52,360",52360,"Singapore",5183640
"222",222,"Slovakia","","National Council (Národná rada)","Unicameral","4","",150,"35,980",846,"Unicameral","35,980",35980,"Slovakia",5397000
"223",223,"Slovenia","Parliament (Državni zbor Republike Slovenije)","National Assembly (Državni zbor)","Lower","4","",90,"22,779",643,"Lower","22,779",22779,"Slovenia",2050110
"224",224,"Slovenia","Parliament (Državni zbor Republike Slovenije)","National Council (Državni svet)[23]","Upper","5","",40,"51,254",1.447,"Upper","51,254",51254,"Slovenia",2050160
"225",225,"Solomon Islands","","National Parliament","Unicameral","4","",50,"10,460",34,"Unicameral","10,460",10460,"Solomon Islands",523000
"226",226,"Somalia","Federal Parliament[2]","House of the People","Lower","4","Appointed",275,"36,675",21,"Lower","36,675",36675,"Somalia",10085625
"227",227,"Somalia","Federal Parliament[2]","Senate","Upper","4","Majority",54,"180,100",103,"Upper","180,100",180100,"Somalia",9725400
"228",228,"South Africa","Parliament","National Assembly","Lower","5","",400,"126,466",1.387,"Lower","126,466",126466,"South Africa",50586400
"229",229,"South Africa","Parliament","National Council of Provinces","Upper","","",90,"562,075",6.168,"Upper","562,075",562075,"South Africa",50586750
"230",230,"South Sudan","National Legislature","National Legislature Assembly","Lower","","",170,"48,591",81,"Lower","48,591",48591,"South Sudan",8260470
"231",231,"South Sudan","National Legislature","Council of States","Upper","","Appointed by President",50,"165,210",276,"Upper","165,210",165210,"South Sudan",8260500
"232",232,"Spain","General Courts[5] (Cortes Generales)","Congress of Deputies (Congreso de los Diputados)","Lower","4, unless elections are called earlier.","proportional closed list",350,"131,894",4.038,"Lower","131,894",131894,"Spain",46162900
"233",233,"Spain","General Courts[5] (Cortes Generales)","Senate (Senado)","Upper","4, unless elections are called earlier (212 are appointed through general election and 58 when regional legislatures are renewed, which not always happens at the same date).","",266,"173,545",5.313,"Upper","173,545",173545,"Spain",46162970
"234",234,"Sri Lanka","","Parliament (<U+0DC1><U+0DCA><U+0DBB><U+0DD3> <U+0DBD><U+0D82><U+0D9A><U+0DCF> <U+0DB4><U+0DCF><U+0DBB><U+0DCA><U+0DBD><U+0DD2><U+0DB8><U+0DDA><U+0DB1><U+0DCA><U+0DAD><U+0DD4><U+0DC0> (Sinhala) / <U+0B87><U+0BB2><U+0B99><U+0BCD><U+0B95><U+0BC8> <U+0BAA><U+0BBE><U+0BB0><U+0BBE><U+0BB3><U+0BC1><U+0BAE><U+0BA9><U+0BCD><U+0BB1><U+0BAE><U+0BCD> (Tamil))[2]","Unicameral","5","",225,"90,122",517,"Unicameral","90,122",90122,"Sri Lanka",20277450
"235",235,"Sudan","National Legislature","National Assembly (Majlis Watani)","Lower","6","",426,"68,653",197,"Lower","68,653",68653,"Sudan",29246178
"236",236,"Sudan","National Legislature","Council of States (Majlis Welayat)","Upper","6","",50,"617,880",1.78,"Upper","617,880",617880,"Sudan",30894000
"237",237,"Suriname","","National Assembly (Nationale Assemblée)","Unicameral","5","",51,"10,470",99,"Unicameral","10,470",10470,"Suriname",533970
"238",238,"Swaziland","Parliament (Liblanda)","House of Assembly[2]","Lower","5","majority",55,"22,181",113,"Lower","22,181",22181,"Swaziland",1219955
"239",239,"Swaziland","Parliament (Liblanda)","Senate[2]","Upper","","appointed by the King",30,"40,666",207,"Upper","40,666",40666,"Swaziland",1219980
"240",240,"Sweden","","The Riksdag","Unicameral","4","proportional",349,"27,286",1.093,"Unicameral","27,286",27286,"Sweden",9522814
"241",241,"Syria","","People's Assembly (Majlis al-Sha'ab)","Unicameral","4","",250,"86,964",240,"Unicameral","86,964",86964,"Syria",21741000
"242",242,"Switzerland","Federal Assembly (Bundesversammlung, Assemblée fédérale, Assemblea federale)","National Council (Nationalrat, Conseil National, Consiglio Nazionale)","Lower","4","",200,"40,000",1.699,"Lower","40,000",40000,"Switzerland",8e+06
"243",243,"Switzerland","Federal Assembly (Bundesversammlung, Assemblée fédérale, Assemblea federale)","Council of States (Ständerat, Conseil des Etats, Consiglio degli Stati)","Upper","4","",46,"173,913",7.388,"Upper","173,913",173913,"Switzerland",7999998
"244",244,"Tajikistan","Supreme Assembly (Majlisi Oli)","Assembly of Representatives (Majlisi Mamoyandogan)","Lower","5","",63,"123,809",257,"Lower","123,809",123809,"Tajikistan",7799967
"245",245,"Tajikistan","Supreme Assembly (Majlisi Oli)","National Assembly (Majlisi Milliy)","Upper","5","",33,"236,363",491,"Upper","236,363",236363,"Tajikistan",7799979
"246",246,"Tanzania","","National Assembly (Bunge)","Unicameral","5","",384,"120,974",178,"Unicameral","120,974",120974,"Tanzania",46454016
"247",247,"Thailand","National Assembly (<U+0E23><U+0E31><U+0E10><U+0E2A><U+0E20><U+0E32> ;Rathasapha)","National Legislative Assembly","Unicameral","","",250,"135 918",NA,"Unicameral","135 918",135918,"Thailand",33979500
"248",248,"Togo","","National Assembly (Assemblée nationale)","Unicameral","5","",81,"76,434",79,"Unicameral","76,434",76434,"Togo",6191154
"249",249,"Tonga","","Legislative Assembly","Unicameral","","",26,"3,962",29,"Unicameral","3,962",3962,"Tonga",103012
"250",250,"Trinidad and Tobago","Parliament","House of Representatives","Lower","5","",41,"32,139",647,"Lower","32,139",32139,"Trinidad and Tobago",1317699
"251",251,"Trinidad and Tobago","Parliament","Senate","Upper","","",31,"42,506",856,"Upper","42,506",42506,"Trinidad and Tobago",1317686
"252",252,"Tunisia","","Assembly of the Representatives of the People (<U+0645><U+062C><U+0644><U+0633> <U+0646><U+0648><U+0627><U+0628> <U+0627><U+0644><U+0634><U+0639><U+0628> Majless Noweb al Shaab)","Unicameral","5","",217,"49,188",465,"Unicameral","49,188",49188,"Tunisia",10673796
"253",253,"Turkey","","Grand National Assembly of Turkey (Türkiye Büyük Millet Meclisi)","Unicameral","4","",550,"135,862",1.951,"Unicameral","135,862",135862,"Turkey",74724100
"254",254,"Turkmenistan","","Assembly (Mejlis)","Unicameral","5","",125,"41,360",346,"Unicameral","41,360",41360,"Turkmenistan",5170000
"255",255,"Tuvalu","","Parliament (Palamene)","Unicameral","4","",15,"666",2,"Unicameral","666",666,"Tuvalu",9990
"256",256,"Uganda","","Parliament","Unicameral","5","",426,"87,839",123,"Unicameral","87,839",87839,"Uganda",37419414
"257",257,"Ukraine","","Supreme Council (<U+0412><U+0435><U+0440><U+0445><U+043E><U+0432><U+043D><U+0430> <U+0420><U+0430><U+0434><U+0430> Verkhovna Rada)","Unicameral","5","",450,"101,248",732,"Unicameral","101,248",101248,"Ukraine",45561600
"258",258,"United Arab Emirates","","Federal National Assembly (<U+0627><U+0644><U+0645><U+062C><U+0644><U+0633> <U+0627><U+0644><U+0648><U+0637><U+0646><U+064A> <U+0627><U+0644><U+0625><U+062A><U+062D><U+0627><U+062F><U+064A> Majlis Watani Ittihad)","Unicameral","","",40,"206,601",6.47,"Unicameral","206,601",206601,"United Arab Emirates",8264040
"259",259,"United Kingdom","Parliament","House of Commons","Lower","5","First-past-the-post voting. Sinn Féin members abstained.",650,"95,787",3.478,"Lower","95,787",95787,"United Kingdom",62261550
"260",260,"United Kingdom","Parliament","House of Lords","Upper","Life","Life peers appointed by the Sovereign on advice of Prime Minister. 92 elected by and from hereditary peers using preferential voting. 26 Lords Spiritual are bishops of the Church of England.",808,"81,388",2.955,"Upper","81,388",81388,"United Kingdom",65761504
"261",261,"United States","Congress","House of Representatives","Lower","2","First-past-the-post voting",435,"722,636",34.698,"Lower","722,636",722636,"United States",314346660
"262",262,"United States","Congress","Senate","Upper","6","First-past-the-post voting",100,"3,143,467",215.623,"Upper","3,143,467",3143467,"United States",314346700
"263",263,"Uruguay","General Assembly (Asamblea General)","Chamber of Representatives (Cámara de Representantes)","Lower","5","",99,"33,195",514,"Lower","33,195",33195,"Uruguay",3286305
"264",264,"Uruguay","General Assembly (Asamblea General)","Chamber of Senators (Cámara de Senadores)","Upper","5","",30,"109,543",1.696,"Upper","109,543",109543,"Uruguay",3286290
"265",265,"Uzbekistan","Supreme Assembly (Oliy Majlis)","Legislative Chamber[2]","Lower","5","",150,"194,156",634,"Lower","194,156",194156,"Uzbekistan",29123400
"266",266,"Uzbekistan","Supreme Assembly (Oliy Majlis)","Senate[2]","Upper","5","",100,"291,234",952,"Upper","291,234",291234,"Uzbekistan",29123400
"267",267,"Vanuatu","","Parliament (Parlement)","Unicameral","4","",52,"4319",14,"Unicameral","4319",4319,"Vanuatu",224588
"268",268,"Vatican City","","Pontifical Commission (Pontificia Commissione per lo Stato della Città del Vaticano)","Unicameral","5","",7,"114",NA,"Unicameral","114",114,"Vatican City",798
"269",269,"Venezuela","","National Assembly (Asamblea Nacional)","Unicameral","5","",167,"175,430",2.267,"Unicameral","175,430",175430,"Venezuela",29296810
"270",270,"Vietnam","","National Assembly (Qu<U+1ED1>c h<U+1ED9>i)","Unicameral","5","",498,"176,385",602,"Unicameral","176,385",176385,"Vietnam",87839730
"271",271,"Yemen","","House of Representatives (Majlis al-Nuwaab)","Unicameral","6","",301,"81,485",192,"Unicameral","81,485",81485,"Yemen",24526985
"272",272,"Zambia","","National Assembly","Unicameral","5","",150,"87,284",145,"Unicameral","87,284",87284,"Zambia",13092600
"273",273,"Zimbabwe","Parliament","House of Assembly","Lower","5","",210,"61,971",29,"Lower","61,971",61971,"Zimbabwe",13013910
"274",274,"Zimbabwe","Parliament","Senate","Upper","5","",40,"325,350",153,"Upper","325,350",325350,"Zimbabwe",13014000
